unit_number,time_in_cycles,subset,split,Predictions
52,271,FD003,test,250.32758620689654
73,167,FD001,test,250.32758620689654
53,280,FD003,test,250.32758620689654
5,218,FD001,test,250.32758620689654
97,283,FD002,test,279.9
70,247,FD004,test,250.32758620689654
16,112,FD004,test,250.32758620689654
48,135,FD001,test,250.32758620689654
97,116,FD004,test,250.32758620689654
14,143,FD004,test,251.8181818181818
